Headline,Date,Label
‘The Cramer prediction is alarming’: Elon Musk slams Jim Cramer’s declaration of a ‘soft landing’ in the U.S. economy. Is it time to worry?,2023-12-22,negative
JPMorgan Chase & Co. (NYSE:JPM) Reaches New 1-Year High at $169.47,2023-12-29,positive
"Bitcoin, After 18 Months Of Knockdowns, Enters 2024 Championship Round",2023-12-31,positive
TCS : TCSGH - FCA Delisting Application Notice - 2 January 2024,2024-01-02,negative
JPMorgan Chase & Co. (NYSE:JPM) Hits New 12-Month High on Analyst Upgrade,2024-01-02,positive
These 100%+ Dividend Growers Are Set To Roar In 2024,2024-01-03,positive
"GenScript, GenScript ProBio, and Legend Biotech Will Attend the 42nd JPM Healthcare Conference, Advancing Innovation and Development in the Healthcare Sector",2024-01-04,positive
JPMorgan ETFs (Ireland) ICAV: Dividend Declaration,2024-01-04,positive
Bitcoin ETFs Are Coming Fast. Crypto Investing Will Never Be The Same.,2024-01-05,positive
Analysts Offer Predictions for JPMorgan Chase & Co.’s FY2024 Earnings (NYSE:JPM),2024-01-05,positive
Market Rally At Key Levels; Nvidia Near Buy Point On $100 Billion Forecast,2024-01-05,positive
JPM Carbon Transition US Equity ETF (NYSEARCA:JCTR) Stock Price Down 0.3%,2024-01-06,negative
Wall Street’s most celebrated bear is not a bull yet. Here’s Mike Wilson’s stock-market playbook for three economic scenarios.,2024-01-08,positive
J.P. Morgan Asset Management to Transfer JPMorgan Active Bond ETF (JBND) to NYSE from NYSE Arca,2024-01-08,positive
FTSE 100 Closed Up 0.06% Despite Oil Stock Woes,2024-01-08,negative
Dow Jones Futures Fall As Boeing Plunges On 737 Max Woes; Can Market Rally Hold Key Levels?,2024-01-08,negative
PharmAla-1 Molecule Receives US Patent Prosecution Highway Acceptance,2024-01-08,positive
"Thinking about trading options or stock in Tesla, Arista Networks, JPMorgan Chase, DoorDash, or Xpeng?",2024-01-08,positive
"Stock market news today: Nasdaq surges 2% to lead market rally, Dow lags as Boeing falls 8%",2024-01-08,positive
SEC hack won't halt bitcoin ETF approvals: money managers,2024-01-10,negative
Stock market news today: US stocks inch higher in countdown to inflation data,2024-01-10,positive
FTSE 100 Closes Down 0.4% as Markets Await U.S. Inflation Data,2024-01-10,negative
Stock market news today: US futures muted in countdown to inflation data,2024-01-10,negative
"JPMorgan Chase & Co. (NYSE:JPM) Releases Earnings Results, Misses Estimates By $0.31 EPS",2024-01-12,negative
Stock market news today: US futures slide as bank earnings fail to thrill,2024-01-12,negative
JPMorgan Chase & Co. (NYSE:JPM) Raised to Buy at Deutsche Bank Aktiengesellschaft,2024-01-12,positive
JPMorgan Chase & Co. (NYSE:JPM) Hits New 1-Year High at $176.31,2024-01-12,positive
JPMorgan Chase Declares Preferred Stock Dividends,2024-01-12,positive
JPMorgan Chase Reports Fourth-Quarter and Full-Year 2023 Financial Results,2024-01-12,positive
North American Morning Briefing: Stock Futures Waver Ahead of Bank-Earnings Bonanza,2024-01-12,negative
Stocks Fall Further; Tesla Dives On Red Sea Attack As Cathie Wood Loads Up On TSLA Stock,2024-01-12,negative
JPMorgan Chase Declares Preferred Stock Dividends,2024-01-12,positive
"Stock Market News Today, 1/12/24",2024-01-13,positive
JPMorgan Chase & Co. (NYSE:JPM) Shares Sold by Crown Wealth Group LLC,2024-01-14,positive
Invesco LLC Boosts Stock Position in JPMorgan Chase & Co. (NYSE:JPM),2024-01-14,positive
Lindbrook Capital LLC Cuts Stake in JPMorgan Chase & Co. (NYSE:JPM),2024-01-14,negative
JPMorgan Chase & Co. (NYSE:JPM) is Stone Point Wealth LLC’s 5th Largest Position,2024-01-14,positive
JPMorgan Chase & Co. (NYSE:JPM) Shares Sold by Stone Point Wealth LLC,2024-01-14,positive
Keating Investment Counselors Inc. Sells 118 Shares of JPMorgan Chase & Co. (NYSE:JPM),2024-01-14,positive
JPMorgan Chase & Co. (NYSE:JPM) Shares Sold by Flagstone Financial Management,2024-01-14,positive
"New York State Teachers Retirement System Sells 171,854 Shares of JPMorgan Chase & Co. (NYSE:JPM)",2024-01-14,positive
High Note Wealth LLC Boosts Holdings in JPMorgan Chase & Co. (NYSE:JPM),2024-01-16,positive
"Dividend Assets Capital LLC Acquires 7,125 Shares of JPMorgan Chase & Co. (NYSE:JPM)",2024-01-16,positive
JPMorgan Chase & Co. (NYSE:JPM) Stake Raised by Advisor Partners II LLC,2024-01-16,positive
How many times the Fed will cut interest rates is a hot topic in Davos,2024-01-16,negative
JPMorgan Chase & Co. (NYSE:JPM) Position Reduced by Affinity Investment Advisors LLC,2024-01-16,negative
JPMorgan Chase & Co. (NYSE:JPM) Shares Sold by Mirae Asset Global Investments Co. Ltd.,2024-01-16,positive
Cabot Wealth Management Inc. Has $15.75 Million Stock Position in JPMorgan Chase & Co. (NYSE:JPM),2024-01-16,positive
JPMorgan Chase Elects Mark Weinberger to its Board of Directors,2024-01-16,positive
"Australian Business Leaders Express Tempered Optimism Amid Persistent Inflation and Uncertainties Ahead, Annual J.P. Morgan Survey Finds",2024-01-16,positive
Kanawha Capital Management LLC Has $19.69 Million Stock Position in JPMorgan Chase & Co. (NYSE:JPM),2024-01-16,positive
J.P. Morgan Releases 2024 Alternatives Outlook: Navigating a Shifting Investment Landscape,2024-01-16,positive
IFM Investors Pty Ltd Has $85.76 Million Stock Position in JPMorgan Chase & Co. (NYSE:JPM),2024-01-16,positive
"JPMorgan Chase & Co. (NYSE:JPM) Insider Sells $561,546.64 in Stock",2024-01-17,positive
JPMorgan Chase & Co. (NYSE:JPM) Shares Sold by Duncker Streett & Co. Inc.,2024-01-17,positive
"German Business Leaders Shoot for Growth While Facing Challenging Economic Landscape, Annual J.P. Morgan Survey Finds",2024-01-17,positive
"French Business Leaders Remain Focused on Growth Amid Cost and Labor Concerns, Third Annual J.P. Morgan Survey Finds",2024-01-17,positive
"Indian Business Leaders Expect Major Profit and Revenue Growth in 2024, Second Annual J.P. Morgan Survey Finds",2024-01-17,positive
JPMorgan Chase & Co. (NYSE:JPM) Given New $200.00 Price Target at Piper Sandler,2024-01-17,positive
"U.K. Businesses Strive for Growth Amid Possible Recession, Third Annual J.P. Morgan Survey Finds",2024-01-17,positive
JPMorgan Chase & Co. (NYSE:JPM) Price Target Cut to $232.00 by Analysts at Oppenheimer,2024-01-17,negative
JPMorgan Chase & Co. (NYSE:JPM) is Argyle Capital Management Inc.’s 6th Largest Position,2024-01-17,positive
JPMorgan Chase & Co. (NYSE:JPM) Shares Sold by Bradley & Co. Private Wealth Management LLC,2024-01-17,positive
Brady Family Wealth LLC Grows Stake in JPMorgan Chase & Co. (NYSE:JPM),2024-01-18,positive
JPMorgan Chase & Co. (NYSE:JPM) Expected to Post Q1 2024 Earnings of $4.28 Per Share,2024-01-18,negative
TIAA Trust National Association Buys New Stake in JPMorgan Chase & Co. (NYSE:JPM),2024-01-18,positive
Klingenstein Fields & Co. LP Has $31.38 Million Stake in JPMorgan Chase & Co. (NYSE:JPM),2024-01-18,positive
"Jennifer Piepszak Sells 1,649 Shares of JPMorgan Chase & Co. (NYSE:JPM) Stock",2024-01-18,positive
"Peter Scher Sells 1,812 Shares of JPMorgan Chase & Co. (NYSE:JPM) Stock",2024-01-18,positive
Arbor Capital Management Inc. ADV Cuts Stake in JPMorgan Chase & Co. (NYSE:JPM),2024-01-18,negative
Lafayette Investments Inc. Reduces Position in JPMorgan Chase & Co. (NYSE:JPM),2024-01-18,negative
BSW Wealth Partners Has $1.71 Million Stock Holdings in JPMorgan Chase & Co. (NYSE:JPM),2024-01-18,positive
BMO Capital Markets Increases JPMorgan Chase & Co. (NYSE:JPM) Price Target to $194.00,2024-01-18,positive
"Gradient Investments LLC Buys 5,608 Shares of JPMorgan Chase & Co. (NYSE:JPM)",2024-01-18,positive
Hudson Valley Investment Advisors Inc. ADV Buys 301 Shares of JPMorgan Chase & Co. (NYSE:JPM),2024-01-19,positive
Bridgecreek Investment Management LLC Lowers Stake in JPMorgan Chase & Co. (NYSE:JPM),2024-01-19,negative
Allspring Global Investments Holdings LLC Decreases Stock Holdings in JPMorgan Chase & Co. (NYSE:JPM),2024-01-19,negative
Angeles Wealth Management LLC Has $1.49 Million Stock Position in JPMorgan Chase & Co. (NYSE:JPM),2024-01-19,positive
First National Bank of Hutchinson Boosts Holdings in JPMorgan Chase & Co. (NYSE:JPM),2024-01-19,positive
JPMorgan Chase & Co. (NYSE:JPM) Shares Purchased by Cable Hill Partners LLC,2024-01-19,positive
White Pine Investment CO Has $5.69 Million Stake in JPMorgan Chase & Co. (NYSE:JPM),2024-01-19,positive
Alley Investment Management Company LLC Boosts Stock Holdings in JPMorgan Chase & Co. (NYSE:JPM),2024-01-19,positive
"Hennion & Walsh Asset Management Inc. Sells 4,371 Shares of JPMorgan Chase & Co. (NYSE:JPM)",2024-01-19,positive
JPMorgan Chase & Co. (NYSE:JPM) Shares Acquired by Blue Chip Partners LLC,2024-01-20,positive
Grove Bank & Trust Has $3.53 Million Holdings in JPMorgan Chase & Co. (NYSE:JPM),2024-01-20,positive
MWA Asset Management Makes New $1.38 Million Investment in JPMorgan Chase & Co. (NYSE:JPM),2024-01-20,positive
Richwood Investment Advisors LLC Sells 170 Shares of JPMorgan Chase & Co. (NYSE:JPM),2024-01-20,positive
"Narwhal Capital Management Sells 1,396 Shares of JPMorgan Chase & Co. (NYSE:JPM)",2024-01-20,positive
Insight Inv LLC Sells 142 Shares of JPMorgan Chase & Co. (NYSE:JPM),2024-01-20,positive
Marietta Wealth Management LLC Has $7.50 Million Holdings in JPMorgan Chase & Co. (NYSE:JPM),2024-01-20,positive
"Red Lighthouse Investment Management LLC Has $236,000 Stock Position in JPMorgan Chase & Co. (NYSE:JPM)",2024-01-20,positive
Y.D. More Investments Ltd Trims Position in JPMorgan Chase & Co. (NYSE:JPM),2024-01-21,positive
Regatta Capital Group LLC Sells 736 Shares of JPMorgan Chase & Co. (NYSE:JPM),2024-01-21,positive
Nvwm LLC Buys 434 Shares of JPMorgan Chase & Co. (NYSE:JPM),2024-01-21,positive
JPMorgan Chase & Co. (NYSE:JPM) Shares Sold by Dock Street Asset Management Inc.,2024-01-21,positive
JPMorgan Chase & Co. (NYSE:JPM) Shares Sold by Klingman & Associates LLC,2024-01-21,positive
Evexia Wealth LLC Cuts Stock Holdings in JPMorgan Chase & Co. (NYSE:JPM),2024-01-21,negative
"FirstPurpose Wealth LLC Has $852,000 Stock Position in JPMorgan Chase & Co. (NYSE:JPM)",2024-01-21,positive
Peoples Bank KS Invests $1.91 Million in JPMorgan Chase & Co. (NYSE:JPM),2024-01-21,positive
JPMorgan Chase & Co. (NYSE:JPM) Stake Reduced by Mcdonald Partners LLC,2024-01-21,negative
